{
    "title": "The World Atlas of Language Structures Online",
    "access_right": "open",
    "keywords": [
        "cldf:StructureDataset",
        "linguistics"
    ],
    "upload_type": "dataset",
    "description": "<p>Cite the source of the dataset as:</p>\n\n<blockquote>\n<p>Dryer, Matthew S. &amp; Haspelmath, Martin (eds.) 2013. The World Atlas of Language Structures Online. Leipzig: Max Planck Institute for Evolutionary Anthropology. (Available online at https://wals.info)</p>\n</blockquote>",
    "license": {
        "id": "CC-BY-4.0"
    }
}