ID,Name
AE,United Arab Emirates
AF,Afghanistan
AL,Albania
AM,Armenia
AN,Netherlands Antilles
AO,Angola
AR,Argentina
AS,American Samoa
AT,Austria
AU,Australia
AZ,Azerbaijan
BA,Bosnia-Herzegovina
BD,Bangladesh
BE,Belgium
BF,Burkina Faso
BG,Bulgaria
BH,Bahrain
BI,Burundi
BJ,Benin
BO,Bolivia
BR,Brazil
BT,Bhutan
BW,Botswana
BY,Belarus
BZ,Belize
CA,Canada
CD,Democratic Republic of Congo
CF,Central African Republic
CG,Congo
CH,Switzerland
CI,Côte d'Ivoire
CL,Chile
CM,Cameroon
CN,China
CO,Colombia
CR,Costa Rica
CY,Cyprus
CZ,Czech Republic
DE,Germany
DJ,Djibouti
DK,Denmark
DM,Dominica
DZ,Algeria
EC,Ecuador
EE,Estonia
EG,Egypt
ER,Eritrea
ES,Spain
ET,Ethiopia
FI,Finland
FJ,Fiji
FM,Micronesia
FR,France
GA,Gabon
GB,United Kingdom
GD,Grenada
GE,Georgia
GF,French Guiana
GH,Ghana
GL,Greenland
GM,Gambia
GN,Guinea
GP,Guadeloupe
GQ,Equatorial Guinea
GR,Greece
GT,Guatemala
GU,Guam
GW,Guinea-Bissau
GY,Guyana
HN,Honduras
HR,Croatia
HT,Haiti
HU,Hungary
ID,Indonesia
IE,Ireland
IL,Israel
IN,India
IQ,Iraq
IR,Iran
IS,Iceland
IT,Italy
JM,Jamaica
JO,Jordan
JP,Japan
KE,Kenya
KG,Kyrgyzstan
KH,Cambodia
KI,Kiribati
KM,Comoros Islands
KP,North Korea
KR,South Korea
KW,Kuwait
KZ,Kazakhstan
LA,Laos
LB,Lebanon
LC,St. Lucia
LK,Sri Lanka
LR,Liberia
LS,Lesotho
LT,Lithuania
LU,Luxembourg
LV,Latvia
LY,Libya
MA,Morocco
MD,Moldova
MG,Madagascar
MH,Marshall Islands
MK,Macedonia
ML,Mali
MM,Myanmar
MN,Mongolia
MP,Northern Mariana Islands
MQ,Martinique
MR,Mauritania
MT,Malta
MU,Mauritius
MV,Maldives
MW,Malawi
MX,Mexico
MY,Malaysia
MZ,Mozambique
NA,Namibia
NC,New Caledonia
NE,Niger
NG,Nigeria
NI,Nicaragua
NL,Netherlands
NO,Norway
NP,Nepal
NR,Nauru
NZ,New Zealand
OM,Oman
PA,Panama
PE,Peru
PF,French Polynesia
PG,Papua New Guinea
PH,Philippines
PK,Pakistan
PL,Poland
PS,Palestinian West Bank and Gaza
PT,Portugal
PW,Palau
PY,Paraguay
QA,Qatar
RO,Romania
RS,Serbia and Montenegro
RU,Russia
RW,Rwanda
SA,Saudi Arabia
SB,Solomon Islands
SC,Seychelles
SD,Sudan
SE,Sweden
SI,Slovenia
SK,Slovakia
SL,Sierra Leone
SN,Senegal
SO,Somalia
SR,Suriname
SS,South Sudan
ST,São Tomé e Príncipe
SV,El Salvador
SY,Syria
SZ,Swaziland
TD,Chad
TG,Togo
TH,Thailand
TJ,Tajikistan
TK,Tokelau
TL,East Timor
TM,Turkmenistan
TN,Tunisia
TO,Tonga
TR,Turkey
TT,Trinidad and Tobago
TV,Tuvalu
TW,Taiwan
TZ,Tanzania
UA,Ukraine
UG,Uganda
US,United States
UZ,Uzbekistan
VN,Vietnam
VR,Venezuela
VU,Vanuatu
WF,Wallis and Futuna
WS,Samoa
YE,Yemen
YT,Mayotte
ZA,South Africa
ZM,Zambia
ZW,Zimbabwe
